﻿<?xml version="1.0" encoding="utf-8" ?>
<Defs>

  <LCAnomalyLibrary.Defs.ThingDef_AnomalyEntity_Spawn ParentName="EtherealThingBase">
    <defName>DyingLaetitia</defName>
    <anomalyLevelTag>HE</anomalyLevelTag>
    <selectable>false</selectable>
    <tickerType>Normal</tickerType>
    <thingClass>Laetitia.Effect.DyingLaetitia</thingClass>
    <drawOffscreen>true</drawOffscreen>
  </LCAnomalyLibrary.Defs.ThingDef_AnomalyEntity_Spawn>
  
  <ThingDef ParentName="EtherealThingBase">
    <defName>SpawningLaetitiaMonster</defName>
    <selectable>false</selectable>
    <tickerType>Normal</tickerType>
    <thingClass>Laetitia.Effect.SpawningLaetitiaMonster</thingClass>
    <drawOffscreen>true</drawOffscreen>
  </ThingDef>

  <ThingDef ParentName="EtherealThingBase">
    <defName>DyingLaetitiaMonster</defName>
    <selectable>false</selectable>
    <tickerType>Normal</tickerType>
    <thingClass>Laetitia.Effect.DyingLaetitiaMonster</thingClass>
    <drawOffscreen>true</drawOffscreen>
  </ThingDef>
  
</Defs>
