﻿<?xml version="1.0" encoding="utf-8"?>

<Defs>

  <HediffDef>
    <defName>LaetitiaGift</defName>
    <label>Laetitia's Gift</label>
    <labelNoun>This one was given a gift from Laetizia during work, and this hediff will last for one day.</labelNoun>
    <description>When the work result is normal, Laetitia will give the employee a gift, and then a red heart will appear on the employee's head.\nIf an employee holds a gift from Laetitia and is assigned to work on other abnormality (including tools), and the assigned work is not cancelled when the employee reaches the designated distance from the holding platform, the employee will be killed by the exploded gift and a spider (the little girl's friend) will be generated at the death position.</description>
    <hediffClass>Hediff_High</hediffClass>
    <defaultLabelColor>(1,0,0.5)</defaultLabelColor>
    <scenarioCanAdd>true</scenarioCanAdd>
    <maxSeverity>1.0</maxSeverity>
    <isBad>false</isBad>
    <renderNodeProperties>
      <li Class="LCAnomalyLibrary.Render.PawnRenderNodeProperties_HediffUpHead">
        <texPaths>
          <li>UI/Hediff/HeartNormal</li>
        </texPaths>
        <parentTagDef>Body</parentTagDef>
        <overrideMeshSize>1</overrideMeshSize>
        <drawSize>0.8</drawSize>
        <colorType>Skin</colorType>
        <rotDrawMode>Fresh, Rotting</rotDrawMode>
        <useSkinShader>true</useSkinShader>
        <useRottenColor>true</useRottenColor>
        <offsetRangeZ>0~0</offsetRangeZ>
        <durationTicksRange>600~600</durationTicksRange>
        <nextSpasmTicksRange>600~600</nextSpasmTicksRange>
        <drawData>
          <scaleOffsetByBodySize>false</scaleOffsetByBodySize>
          <useHediffAnchor>true</useHediffAnchor>
          <defaultData>
            <layer>49</layer>
            <offset>(0, 0, 1.2)</offset>
            <flip>false</flip>
          </defaultData>
        </drawData>
      </li>
    </renderNodeProperties>
    <comps>
      <li Class="HediffCompProperties_SeverityPerDay">
        <severityPerDay>-1.0</severityPerDay>
        <showHoursToRecover>true</showHoursToRecover>
      </li>
      <li Class="Laetitia.Comp.HediffCompProperties_LaetitiaGift">
        <deathDistance>3.0</deathDistance>
      </li>
      <li Class="HediffCompProperties_DisappearsOnDeath" />
    </comps>
  </HediffDef>
  
  <HediffDef>
    <defName>LaetitiaGiftAggresive</defName>
    <label>Laetitia's Gift (Aggresive)</label>
    <labelNoun>This one has been gifted aggressively by E.G.O.Laetitia, and this hediff will soon end.</labelNoun>
    <description>Unlike gifts obtained at work, this hediff will soon come to an end.\nAt the end, this one will be killed and several little girls' friends will be generated at the place of death.</description>
    <hediffClass>Hediff_High</hediffClass>
    <defaultLabelColor>(1,0,0.5)</defaultLabelColor>
    <scenarioCanAdd>true</scenarioCanAdd>
    <maxSeverity>1.0</maxSeverity>
    <isBad>false</isBad>
    <renderNodeProperties>
      <li Class="LCAnomalyLibrary.Render.PawnRenderNodeProperties_HediffUpHead">
        <texPaths>
          <li>UI/Hediff/HeartBroken</li>
        </texPaths>
        <parentTagDef>Body</parentTagDef>
        <overrideMeshSize>1</overrideMeshSize>
        <drawSize>0.8</drawSize>
        <colorType>Skin</colorType>
        <rotDrawMode>Fresh, Rotting</rotDrawMode>
        <useSkinShader>true</useSkinShader>
        <useRottenColor>true</useRottenColor>
        <offsetRangeZ>0~0</offsetRangeZ>
        <durationTicksRange>600~600</durationTicksRange>
        <nextSpasmTicksRange>600~600</nextSpasmTicksRange>
        <drawData>
          <scaleOffsetByBodySize>false</scaleOffsetByBodySize>
          <useHediffAnchor>true</useHediffAnchor>
          <defaultData>
            <layer>49</layer>
            <offset>(0, 0, 1.2)</offset>
            <flip>false</flip>
          </defaultData>
        </drawData>
      </li>
    </renderNodeProperties>
    <comps>
      <li Class="HediffCompProperties_SeverityPerDay">
        <severityPerDay>-48.0</severityPerDay>
        <showHoursToRecover>true</showHoursToRecover>
      </li>
      <li Class="Laetitia.Comp.HediffCompProperties_LaetitiaGiftAggresive">
        <spawnAmount>1~2</spawnAmount>
      </li>
      <li Class="HediffCompProperties_DisappearsOnDeath" />
    </comps>
  </HediffDef>

</Defs>