﻿<?xml version="1.0" encoding="utf-8" ?>
<Defs>

  <ThingDef ParentName="LC_BaseRangedWeapon_EGO">
    <defName>EgoWeapon_Laetitia</defName>
    <label>E.G.O. Weapon (Laetitia) </label>
    <description>It takes a lot of time to extract, but its power cannot be ignored.\nThe crude design appears to have been made a long time ago.\nThe small accessory remains like the wishes of a child who yearned for happiness.</description>
    <graphicData>
      <texPath>Things/Item/Equipment/WeaponRanged/EgoWeapon_Laetitia</texPath>
      <graphicClass>Graphic_Single</graphicClass>
      <drawSize>(2, 2)</drawSize>
    </graphicData>
    <soundInteract>Interact_Rifle</soundInteract>
    <statBases>
      <Mass>3.5</Mass>
      <AccuracyTouch>0.80</AccuracyTouch>
      <AccuracyShort>0.85</AccuracyShort>
      <AccuracyMedium>0.90</AccuracyMedium>
      <AccuracyLong>0.80</AccuracyLong>
      <RangedWeapon_Cooldown>0.5</RangedWeapon_Cooldown>
    </statBases>
    <verbs>
      <li>
        <verbClass>Verb_Shoot</verbClass>
        <hasStandardCommand>true</hasStandardCommand>
        <defaultProjectile>Bullet_EgoWeapon_Laetitia</defaultProjectile>
        <warmupTime>0.5</warmupTime>
        <range>32</range>
        <soundCast>Shot_Rifle_EgoBase</soundCast>
        <soundCastTail>GunTail_Heavy</soundCastTail>
        <muzzleFlashScale>9</muzzleFlashScale>
      </li>
    </verbs>
    <tools>
      <li>
        <label>stock</label>
        <capacities>
          <li>Blunt</li>
        </capacities>
        <power>9</power>
        <cooldownTime>2</cooldownTime>
      </li>
      <li>
        <label>barrel</label>
        <capacities>
          <li>Blunt</li>
          <li>Poke</li>
        </capacities>
        <power>9</power>
        <cooldownTime>2</cooldownTime>
      </li>
    </tools>
    <comps>
      <li Class="CompProperties_EquippableAbility">
        <abilityDef>LaetitiaEGO_SendTheGift</abilityDef>
      </li>
    </comps>
  </ThingDef>
  
  <ThingDef ParentName="LC_BaseBullet_EGO">
    <defName>Bullet_EgoWeapon_Laetitia</defName>
    <label>.</label>
    <projectile>
      <damageAmountBase>18</damageAmountBase>
      <stoppingPower>1.5</stoppingPower>
      <speed>120</speed>
    </projectile>
    <graphicData>
      <texPath>Things/Projectile/Bullet_big</texPath>
      <graphicClass>Graphic_Single</graphicClass>
    </graphicData>
  </ThingDef>

  <!-- SendTheGift -->
  <AbilityDef>
    <defName>LaetitiaEGO_SendTheGift</defName>
    <label>Send The Gift</label>
    <description>Mark the selected target then add a gift hediff of Laetitia to it.\nUnlike the hediff obtained through work, the applied hediff is highly aggressive.\nWhen the hediff ends or the target downed, several 'Little Witch's Friend' will appear.</description>
    <iconPath>UI/Abilities/SendTheGift</iconPath>
    <cooldownTicksRange>3600</cooldownTicksRange>
    <hostile>true</hostile>
    <casterMustBeCapableOfViolence>true</casterMustBeCapableOfViolence>
    <aiCanUse>true</aiCanUse>
    <ai_IsIncendiary>true</ai_IsIncendiary>
    <warmupStartSound>Shot_Rifle_EgoBase</warmupStartSound>
    <showOnCharacterCard>false</showOnCharacterCard>
    <verbProperties>
      <verbClass>Verb_CastAbility</verbClass>
      <requireLineOfSight>true</requireLineOfSight>
      <range>9.9</range>
      <warmupTime>0.5</warmupTime>
      <soundCast>Shot_Rifle_EgoBase</soundCast>
      <targetParams>
        <canTargetLocations>false</canTargetLocations>
        <canTargetSelf>false</canTargetSelf>
        <canTargetBuildings>false</canTargetBuildings>
        <canTargetMechs>false</canTargetMechs>
      </targetParams>
      <flammabilityAttachFireChanceCurve>
        <points>
          <li>(0.2, 0)</li>
          <li>(1, 1)</li>
        </points>
      </flammabilityAttachFireChanceCurve>
    </verbProperties>
    <comps>
      <li Class="Laetitia.Comp.CompProperties_AbilitySendTheGift">
      </li>
    </comps>
  </AbilityDef>
  
</Defs>