<?xml version="1.0" encoding="utf-8"?>
<Defs>

  <!-- Walk -->
  <AnimationDef>
    <defName>LaetitiaMonster_Walk</defName>
    <durationTicks>20</durationTicks>
    <animationParts>
      <!-- Root the all -->
      <li>
        <key>Root</key>
        <value>
          <workerClass>AnimationWorker_Keyframes</workerClass>
          <keyframes>
            <li>
              <tick>0</tick>
              <offset>(0,0,0)</offset>
              <!-- <angle>0</angle>
              <scale>(1,1,1)</scale> -->
            </li>
            <li>
              <tick>10</tick>
              <offset>(0,0,-0.1)</offset>
            </li>
            <li>
              <tick>20</tick>
              <offset>(0,0,0)</offset>
            </li>
          </keyframes>
        </value>
      </li>
      <!-- Bone2 the eyes -->
      <li>
        <key>Bone2</key>
        <value>
          <workerClass>AnimationWorker_Keyframes</workerClass>
          <keyframes>
            <li>
              <tick>0</tick>
              <offset>(0,0,0)</offset>
            </li>
            <li>
              <tick>13</tick>
              <offset>(0,0,-0.1)</offset>
            </li>
            <li>
              <tick>20</tick>
              <offset>(0,0,0)</offset>
            </li>
          </keyframes>
        </value>
      </li>
      <!-- Bone3 the mouth -->
      <li>
        <key>Bone3</key>
        <value>
          <workerClass>AnimationWorker_Keyframes</workerClass>
          <keyframes>
            <li>
              <tick>0</tick>
              <offset>(0,0,0)</offset>
            </li>
            <li>
              <tick>3</tick>
              <offset>(0.01,0,-0.01)</offset>
            </li>
            <li>
              <tick>8</tick>
              <offset>(0.02,0,0)</offset>
            </li>
            <li>
              <tick>11</tick>
              <offset>(0.03,0,0)</offset>
            </li>
            <li>
              <tick>17</tick>
              <offset>(0.04,0,-0.01)</offset>
            </li>
            <li>
              <tick>20</tick>
              <offset>(0,0,0)</offset>
            </li>
          </keyframes>
        </value>
      </li>
      <!-- Bone4 the r3-1 -->     
      <li>
        <key>r3_1</key>
        <value>
          <workerClass>AnimationWorker_Keyframes</workerClass>
          <keyframes>
            <li>
              <tick>0</tick>
              <offset>(0,0,0)</offset>
            </li>
            <li>
              <tick>10</tick>
              <offset>(0.2,0,0.2)</offset>
            </li>
            <li>
              <tick>20</tick>
              <offset>(0,0,0)</offset>
            </li>
          </keyframes>
        </value>
      </li>
      <!-- r1-1 -->     
      <li>
        <key>r1_1</key>
        <value>
          <workerClass>AnimationWorker_Keyframes</workerClass>
          <keyframes>
            <li>
              <tick>0</tick>
              <offset>(0,0,0)</offset>
            </li>
            <li>
              <tick>7</tick>
              <offset>(0,0,-0.2)</offset>
            </li>
            <li>
              <tick>11</tick>
              <offset>(0,0,-0.2)</offset>
            </li>
            <li>
              <tick>20</tick>
              <offset>(0,0,0)</offset>
            </li>
          </keyframes>
        </value>
      </li>
    </animationParts>
  </AnimationDef>

  <!-- Idle -->
  <AnimationDef>
    <defName>LaetitiaMonster_Idle</defName>
    <durationTicks>20</durationTicks>
    <animationParts>
      <!-- Root the all -->
      <li>
        <key>Root</key>
        <value>
          <workerClass>AnimationWorker_Keyframes</workerClass>
          <keyframes>
            <li>
              <tick>0</tick>
              <offset>(0,0,0)</offset>
            </li>
            <li>
              <tick>10</tick>
              <offset>(0,0,-0.1)</offset>
            </li>
            <li>
              <tick>20</tick>
              <offset>(0,0,0)</offset>
            </li>
          </keyframes>
        </value>
      </li>
      <!-- Bone2 the eyes -->
      <li>
        <key>Bone2</key>
        <value>
          <workerClass>AnimationWorker_Keyframes</workerClass>
          <keyframes>
            <li>
              <tick>0</tick>
              <offset>(0,0,0)</offset>
            </li>
            <li>
              <tick>13</tick>
              <offset>(0,0,-0.1)</offset>
            </li>
            <li>
              <tick>20</tick>
              <offset>(0,0,0)</offset>
            </li>
          </keyframes>
        </value>
      </li>
      <!-- Bone3 the mouth -->
      <li>
        <key>Bone3</key>
        <value>
          <workerClass>AnimationWorker_Keyframes</workerClass>
          <keyframes>
            <li>
              <tick>0</tick>
              <offset>(0,0,0)</offset>
            </li>
            <li>
              <tick>3</tick>
              <offset>(0.01,0,-0.01)</offset>
            </li>
            <li>
              <tick>8</tick>
              <offset>(0.02,0,0)</offset>
            </li>
            <li>
              <tick>11</tick>
              <offset>(0.03,0,0)</offset>
            </li>
            <li>
              <tick>17</tick>
              <offset>(0.04,0,-0.01)</offset>
            </li>
            <li>
              <tick>20</tick>
              <offset>(0,0,0)</offset>
            </li>
          </keyframes>
        </value>
      </li>
    </animationParts>
  </AnimationDef>

  <!-- AttackR -->
  <AnimationDef>
    <defName>LaetitiaMonster_AttackR</defName>
    <durationTicks>40</durationTicks>
    <animationParts>
      <!-- Bone3 the mouth -->
      <li>
        <key>Bone3</key>
        <value>
          <workerClass>AnimationWorker_Keyframes</workerClass>
          <keyframes>
            <li>
              <tick>0</tick>
              <offset>(0,0,0)</offset>
            </li>
            <li>
              <tick>3</tick>
              <offset>(0,0,0)</offset>
            </li>
            <li>
              <tick>4</tick>
              <offset>(-0.03,0,-0.03)</offset>
            </li>
            <li>
              <tick>9</tick>
              <offset>(-0.03,0,-0.03)</offset>
            </li>
            <li>
              <tick>10</tick>
              <offset>(0.03,0,-0.06)</offset>
            </li>
            <li>
              <tick>13</tick>
              <offset>(0.03,0,-0.06)</offset>
            </li>
            <li>
              <tick>14</tick>
              <offset>(0,0,0)</offset>
            </li>
            <li>
              <tick>18</tick>
              <offset>(0,0,0)</offset>
            </li>
            <li>
              <tick>19</tick>
              <offset>(-0.01,0,-0.03)</offset>
            </li>
            <li>
              <tick>23</tick>
              <offset>(-0.01,0,-0.03)</offset>
            </li>
            <li>
              <tick>24</tick>
              <offset>(-0.03,0,0.03)</offset>
            </li>
            <li>
              <tick>28</tick>
              <offset>(-0.03,0,0.03)</offset>
            </li>
            <li>
              <tick>29</tick>
              <offset>(-0.07,0,-0.07)</offset>
            </li>
            <li>
              <tick>32</tick>
              <offset>(-0.07,0,-0.07)</offset>
            </li>
            <li>
              <tick>33</tick>
              <offset>(-0.03,0,0.03)</offset>
            </li>
            <li>
              <tick>35</tick>
              <offset>(-0.03,0,0.03)</offset>
            </li>
            <li>
              <tick>36</tick>
              <offset>(-0.07,0,0.03)</offset>
            </li>
            <li>
              <tick>37</tick>
              <offset>(-0.07,0,0.03)</offset>
            </li>
            <li>
              <tick>38</tick>
              <offset>(-0.07,0,0)</offset>
            </li>
            <li>
              <tick>39</tick>
              <offset>(-0.07,0,0)</offset>
            </li>
            <li>
              <tick>40</tick>
              <offset>(-0.03,0,0.03)</offset>
            </li>
          </keyframes>
        </value>
      </li>
      <!-- r3-1 -->     
      <li>
        <key>r3_1</key>
        <value>
          <workerClass>AnimationWorker_Keyframes</workerClass>
          <keyframes>
            <li>
              <tick>0</tick>
              <offset>(0,0,0)</offset>
            </li>
            <li>
              <tick>10</tick>
              <offset>(0.2,0,0.2)</offset>
            </li>
            <li>
              <tick>40</tick>
              <offset>(0,0,0)</offset>
            </li>
          </keyframes>
        </value>
      </li>
      <!-- r4-1 -->     
      <li>
        <key>r4_1</key>
        <value>
          <workerClass>AnimationWorker_Keyframes</workerClass>
          <keyframes>
            <li>
              <tick>0</tick>
              <offset>(0,0,0)</offset>
            </li>
            <li>
              <tick>10</tick>
              <offset>(0.05,0,0.15)</offset>
            </li>
            <li>
              <tick>40</tick>
              <offset>(0,0,0)</offset>
            </li>
          </keyframes>
        </value>
      </li>
      <!-- r1-2 -->     
      <li>
        <key>r1_2</key>
        <value>
          <workerClass>AnimationWorker_Keyframes</workerClass>
          <keyframes>
            <li>
              <tick>0</tick>
              <offset>(0,0,0)</offset>
            </li>
            <li>
              <tick>20</tick>
              <offset>(0,0,0)</offset>
            </li>
            <li>
              <tick>23</tick>
              <offset>(-0.05,0,-0.05)</offset>
              <scale>(1.2,1,1.2)</scale>
            </li>
            <li>
              <tick>40</tick>
              <offset>(-0.05,0,-0.05)</offset>
              <scale>(1.2,1,1.2)</scale>
            </li>
          </keyframes>
        </value>
      </li>
      <!-- r2-2 -->     
      <li>
        <key>r2_2</key>
        <value>
          <workerClass>AnimationWorker_Keyframes</workerClass>
          <keyframes>
            <li>
              <tick>0</tick>
              <offset>(0,0,0)</offset>
              <scale>(1,1,1)</scale>
            </li>
            <li>
              <tick>17</tick>
              <offset>(0,0,0)</offset>
              <scale>(1,1,1)</scale>
            </li>
            <li>
              <tick>18</tick>
              <offset>(-0.06,0,-0.05)</offset>
              <scale>(1.1,1,1.1)</scale>
            </li>
            <li>
              <tick>23</tick>
              <offset>(-0.06,0,-0.05)</offset>
              <scale>(1.1,1,1.1)</scale>
            </li>
            <li>
              <tick>24</tick>
              <offset>(-0.2,0,-0.05)</offset>
              <scale>(1.4,1,1.4)</scale>
            </li>
            <li>
              <tick>32</tick>
              <offset>(0,0,0)</offset>
              <scale>(1,1,1)</scale>
            </li>
            <li>
              <tick>40</tick>
              <offset>(0,0,0)</offset>
              <scale>(1,1,1)</scale>
            </li>
          </keyframes>
        </value>
      </li>
    </animationParts>
  </AnimationDef>

  <!-- AttackL -->
  <AnimationDef>
    <defName>LaetitiaMonster_AttackL</defName>
    <durationTicks>40</durationTicks>
    <animationParts>
      <!-- Bone2 the eyes -->
      <li>
        <key>Bone2</key>
        <value>
          <workerClass>AnimationWorker_Keyframes</workerClass>
          <keyframes>
            <li>
              <tick>0</tick>
              <offset>(0,0,0)</offset>
            </li>
            <li>
              <tick>7</tick>
              <offset>(0,0,0)</offset>
            </li>
            <li>
              <tick>8</tick>
              <offset>(-0.05,0,0.05)</offset>
            </li>
            <li>
              <tick>11</tick>
              <offset>(-0.05,0,0.05)</offset>
            </li>
            <li>
              <tick>12</tick>
              <offset>(0,0,0)</offset>
            </li>
            <li>
              <tick>15</tick>
              <offset>(0,0,0)</offset>
            </li>
            <li>
              <tick>16</tick>
              <offset>(-0.05,0,0.05)</offset>
            </li>
            <li>
              <tick>19</tick>
              <offset>(-0.05,0,0.05)</offset>
            </li>
            <li>
              <tick>20</tick>
              <offset>(0,0,0)</offset>
            </li>
            <li>
              <tick>24</tick>
              <offset>(0,0,0)</offset>
              <scale>(1,1,1)</scale>
            </li>
            <li>
              <tick>25</tick>
              <offset>(-0.01,0,0.01)</offset>
              <scale>(1.05,1,1.05)</scale>
            </li>
            <li>
              <tick>29</tick>
              <offset>(-0.01,0,0.01)</offset>
              <scale>(1.05,1,1.05)</scale>
            </li>
            <li>
              <tick>30</tick>
              <offset>(0,0,0)</offset>
              <scale>(1,1,1)</scale>
            </li>
            <li>
              <tick>34</tick>
              <scale>(1,1,1)</scale>
            </li>
            <li>
              <tick>35</tick>
              <offset>(-0.05,0,0)</offset>
            </li>
          </keyframes>
        </value>
      </li>
      <!-- Bone3 the mouth -->
      <li>
        <key>Bone3</key>
        <value>
          <workerClass>AnimationWorker_Keyframes</workerClass>
          <keyframes>
            <li>
              <tick>0</tick>
              <offset>(0,0,0)</offset>
            </li>
            <li>
              <tick>3</tick>
              <offset>(0,0,0)</offset>
            </li>
            <li>
              <tick>4</tick>
              <offset>(-0.03,0,-0.03)</offset>
            </li>
            <li>
              <tick>9</tick>
              <offset>(-0.03,0,-0.03)</offset>
            </li>
            <li>
              <tick>10</tick>
              <offset>(0.03,0,-0.06)</offset>
            </li>
            <li>
              <tick>13</tick>
              <offset>(0.03,0,-0.06)</offset>
            </li>
            <li>
              <tick>14</tick>
              <offset>(0,0,0)</offset>
            </li>
            <li>
              <tick>18</tick>
              <offset>(0,0,0)</offset>
            </li>
            <li>
              <tick>19</tick>
              <offset>(-0.01,0,-0.03)</offset>
            </li>
            <li>
              <tick>23</tick>
              <offset>(-0.01,0,-0.03)</offset>
            </li>
            <li>
              <tick>24</tick>
              <offset>(-0.03,0,0.03)</offset>
            </li>
            <li>
              <tick>28</tick>
              <offset>(-0.03,0,0.03)</offset>
            </li>
            <li>
              <tick>29</tick>
              <offset>(-0.07,0,-0.07)</offset>
            </li>
            <li>
              <tick>32</tick>
              <offset>(-0.07,0,-0.07)</offset>
            </li>
            <li>
              <tick>33</tick>
              <offset>(-0.03,0,0.03)</offset>
            </li>
            <li>
              <tick>35</tick>
              <offset>(-0.03,0,0.03)</offset>
            </li>
            <li>
              <tick>36</tick>
              <offset>(-0.07,0,0.03)</offset>
            </li>
            <li>
              <tick>37</tick>
              <offset>(-0.07,0,0.03)</offset>
            </li>
            <li>
              <tick>38</tick>
              <offset>(-0.07,0,0)</offset>
            </li>
            <li>
              <tick>39</tick>
              <offset>(-0.07,0,0)</offset>
            </li>
            <li>
              <tick>40</tick>
              <offset>(-0.03,0,0.03)</offset>
            </li>
          </keyframes>
        </value>
      </li>
      <li>
        <key>r3_1</key>
        <value>
          <workerClass>AnimationWorker_Keyframes</workerClass>
          <keyframes>
            <li>
              <tick>0</tick>
              <offset>(0,0,0)</offset>
            </li>
            <li>
              <tick>9</tick>
              <offset>(0,0,0)</offset>
            </li>
            <li>
              <tick>14</tick>
              <offset>(0.2,0,0.2)</offset>
            </li>
            <li>
              <tick>40</tick>
              <offset>(0.2,0,0.2)</offset>
            </li>
          </keyframes>
        </value>
      </li>
      <li>
        <key>r3_2</key>
        <value>
          <workerClass>AnimationWorker_Keyframes</workerClass>
          <keyframes>
            <li>
              <tick>0</tick>
              <offset>(0,0,0)</offset>
              <scale>(1,1,1)</scale>
            </li>
            <li>
              <tick>19</tick>
              <offset>(0,0,0)</offset>
              <scale>(1,1,1)</scale>
            </li>
            <li>
              <tick>20</tick>
              <offset>(0.07,0,-0.07)</offset>
              <scale>(1.2,1,1.2)</scale>
            </li>
            <li>
              <tick>29</tick>
              <offset>(0.07,0,-0.07)</offset>
              <scale>(1.2,1,1.2)</scale>
            </li>
            <li>
              <tick>30</tick>
              <offset>(0,0,0)</offset>
              <scale>(1,1,1)</scale>
            </li>
            <li>
              <tick>40</tick>
              <offset>(0,0,0)</offset>
              <scale>(1,1,1)</scale>
            </li>
          </keyframes>
        </value>
      </li>
      <li>
        <key>r4_3</key>
        <value>
          <workerClass>AnimationWorker_Keyframes</workerClass>
          <keyframes>
            <li>
              <tick>0</tick>
              <offset>(0,0,0)</offset>
              <scale>(1,1,1)</scale>
            </li>
            <li>
              <tick>23</tick>
              <offset>(0,0,0)</offset>
              <scale>(1,1,1)</scale>
            </li>
            <li>
              <tick>24</tick>
              <offset>(0.18,0,-0.02)</offset>
              <scale>(1.5,1,1.5)</scale>
            </li>
            <li>
              <tick>35</tick>
              <offset>(0,0,0)</offset>
              <scale>(1,1,1)</scale>
            </li>
            <li>
              <tick>40</tick>
              <offset>(0,0,0)</offset>
              <scale>(1,1,1)</scale>
            </li>
          </keyframes>
        </value>
      </li>
    </animationParts>
  </AnimationDef>

  <!-- Spawn -->
  <AnimationDef>
    <defName>LaetitiaMonster_Spawn</defName>
    <durationTicks>25</durationTicks>
    <animationParts>
      <!-- root -->
      <li>
        <key>Root</key>
        <value>
          <workerClass>AnimationWorker_Keyframes</workerClass>
          <keyframes>
            <li>
              <tick>0</tick>
              <offset>(0,0,1.5)</offset>
              <scale>(0,0,0)</scale>
            </li>
            <li>
              <tick>2</tick>
              <offset>(0,0,1.5)</offset>
              <scale>(0,0,0)</scale>
            </li>
            <li>
              <tick>3</tick>
              <offset>(0,0,1.5)</offset>
              <scale>(1,1,1)</scale>
            </li>
            <li>
              <tick>5</tick>
              <offset>(0,0,1.5)</offset>
              <scale>(1.3,1,1.3)</scale>
            </li>
            <li>
              <tick>9</tick>
              <offset>(0,0,1.5)</offset>
              <scale>(1.3,1,1.3)</scale>
            </li>
            <li>
              <tick>10</tick>
              <offset>(0,0,1.5)</offset>
              <scale>(1,1,1)</scale>
            </li>
            <li>
              <tick>19</tick>
              <offset>(0,0,1.5)</offset>
              <scale>(1,1,1)</scale>
            </li>
            <li>
              <tick>20</tick>
              <offset>(0,0,0)</offset>
              <scale>(1,1,1)</scale>
            </li>
            <li>
              <tick>25</tick>
              <offset>(0,0,0)</offset>
              <scale>(1,1,1)</scale>
            </li>
          </keyframes>
        </value>
      </li>
      <!-- Bone3 the mouth -->
      <li>
        <key>Bone3</key>
        <value>
          <workerClass>AnimationWorker_Keyframes</workerClass>
          <keyframes>
            <li>
              <tick>0</tick>
              <offset>(0,0,0)</offset>
              <scale>(1,1,1)</scale>
            </li>
            <li>
              <tick>2</tick>
              <offset>(0,0,0)</offset>
              <scale>(1,1,1)</scale>
            </li>
            <li>
              <tick>6</tick>
              <offset>(0,0,-0.02)</offset>
              <scale>(0.9,1,0.9)</scale>
            </li>
            <li>
              <tick>14</tick>
              <offset>(0,0,-0.07)</offset>
              <scale>(1.07,1,1.07)</scale>
            </li>
            <li>
              <tick>21</tick>
              <offset>(0,0,-0.07)</offset>
              <scale>(1.07,1,1.07)</scale>
            </li>
            <li>
              <tick>22</tick>
              <offset>(0,0,-0.02)</offset>
              <scale>(1.07,1,1.07)</scale>
            </li>
            <li>
              <tick>25</tick>
              <offset>(0,0,-0.02)</offset>
              <scale>(1.07,1,1.07)</scale>
            </li>
          </keyframes>
        </value>
      </li>
    </animationParts>
  </AnimationDef>

  <!-- Dead -->
  <AnimationDef>
    <defName>LaetitiaMonster_Dead</defName>
    <durationTicks>45</durationTicks>
    <playWhenDowned>true</playWhenDowned>
    <animationParts>
      <!-- root -->
      <li>
        <key>Root</key>
        <value>
          <workerClass>AnimationWorker_Keyframes</workerClass>
          <keyframes>
            <li>
              <tick>0</tick>
              <offset>(0,0,1.5)</offset>
            </li>
            <li>
              <tick>36</tick>
              <offset>(0,0,1.5)</offset>
            </li>
            <li>
              <tick>37</tick>
              <offset>(0,0,0)</offset>
            </li>
            <li>
              <tick>45</tick>
              <offset>(0,0,0)</offset>
            </li>
          </keyframes>
        </value>
      </li>
      <!-- Bone2 the eyes -->
      <li>
        <key>Bone2</key>
        <value>
          <workerClass>AnimationWorker_Keyframes</workerClass>
          <keyframes>
            <li>
              <tick>0</tick>
              <offset>(0,0,0)</offset>
            </li>
            <li>
              <tick>29</tick>
              <offset>(0,0,0)</offset>
            </li>
            <li>
              <tick>30</tick>
              <offset>(0,0,-0.5)</offset>
            </li>
            <li>
              <tick>31</tick>
              <offset>(0,0,-0.5)</offset>
            </li>
            <li>
              <tick>32</tick>
              <offset>(0,0,-1)</offset>
            </li>
            <li>
              <tick>36</tick>
              <offset>(0,0,-1)</offset>
            </li>
            <li>
              <tick>37</tick>
              <offset>(0,0,0)</offset>
            </li>
            <li>
              <tick>45</tick>
              <offset>(0,0,0)</offset>
            </li>
          </keyframes>
        </value>
      </li>
      <!-- Bone3 the mouth -->
      <li>
        <key>Bone3</key>
        <value>
          <workerClass>AnimationWorker_Keyframes</workerClass>
          <keyframes>
            <li>
              <tick>0</tick>
              <offset>(0,0,0)</offset>
            </li>
            <li>
              <tick>3</tick>
              <offset>(0,0,0)</offset>
            </li>
            <li>
              <tick>4</tick>
              <offset>(-0.03,0,-0.03)</offset>
            </li>
            <li>
              <tick>9</tick>
              <offset>(-0.03,0,-0.03)</offset>
            </li>
            <li>
              <tick>10</tick>
              <offset>(0.03,0,-0.06)</offset>
            </li>
            <li>
              <tick>13</tick>
              <offset>(0.03,0,-0.06)</offset>
            </li>
            <li>
              <tick>14</tick>
              <offset>(0,0,0)</offset>
            </li>
            <li>
              <tick>18</tick>
              <offset>(0,0,0)</offset>
            </li>
            <li>
              <tick>19</tick>
              <offset>(-0.01,0,-0.03)</offset>
            </li>
            <li>
              <tick>23</tick>
              <offset>(-0.01,0,-0.03)</offset>
            </li>
            <li>
              <tick>24</tick>
              <offset>(-0.03,0,0.03)</offset>
            </li>
            <li>
              <tick>26</tick>
              <offset>(0,0,0)</offset>
            </li>
            <li>
              <tick>45</tick>
              <offset>(0,0,0)</offset>
            </li>
          </keyframes>
        </value>
      </li>
    </animationParts>
  </AnimationDef>

</Defs>