<?xml version="1.0" encoding="utf-8" ?>
<Defs>

  <ThingDef Name="Apparel_LaetitiaSuit" ParentName="LC_Apparel_EGO">
    <defName>Apparel_LaetitiaSuit</defName>
    <label>E.G.O.Suit (Laetitia)</label>
    <description>The ribbon on the coat represents a child's yearning for jolliness.\nThe little kid who couldn't leave her friends behind came up with a brilliant idea</description>
    <graphicData>
      <texPath>Things/Pawn/Humanlike/Apparel/LaetitiaSuit/LaetitiaSuit</texPath>
    </graphicData>
    <statBases>
      <ArmorRating_Sharp>0.85</ArmorRating_Sharp>
      <ArmorRating_Blunt>0.42</ArmorRating_Blunt>
      <ArmorRating_Heat>0.56</ArmorRating_Heat>
      <Insulation_Cold>20</Insulation_Cold>
      <Insulation_Heat>20</Insulation_Heat>
      <Mass>5</Mass>
      <EquipDelay>10</EquipDelay>
    </statBases>
    <equippedStatOffsets>
      <MeleeHitChance>-1.00</MeleeHitChance>
      <MeleeDodgeChance>-3.00</MeleeDodgeChance>
      <ShootingAccuracyPawn>2.00</ShootingAccuracyPawn>
      <RangedCooldownFactor>-0.10</RangedCooldownFactor>
      <MoveSpeed>0.10</MoveSpeed>
      <SocialImpact>0.10</SocialImpact>
    </equippedStatOffsets>
    <apparel>
      <bodyPartGroups>
        <li>Torso</li>
        <li>Legs</li>
        <li>Arms</li>
        <li>Neck</li>
        <li>Shoulders</li>
        <li>Feet</li>
        <li>Hands</li>
      </bodyPartGroups>
      <wornGraphicPath>Things/Pawn/Humanlike/Apparel/LaetitiaSuit/LaetitiaSuit</wornGraphicPath>
      <layers>
        <li>Middle</li>
        <li>Shell</li>
      </layers>
      <useDeflectMetalEffect>true</useDeflectMetalEffect>
      <soundWear>Wear_PowerArmor</soundWear>
      <soundRemove>Remove_PowerArmor</soundRemove>
    </apparel>
  </ThingDef>

</Defs>